{"cameraMode":{"drawMode":0,"name":"Shaded","section":"Shading Mode"},"sceneLighting":false,"audioPlay":false,"sceneViewState":{"showFog":true,"showMaterialUpdate":false,"showSkybox":true,"showFlares":true,"showImageEffects":true,"showParticleSystems":true},"in2DMode":false,"pivot":{"x":-1.6538714170455933,"y":1.3275409936904908,"z":-9.56662368774414},"rotation":{"x":-0.05037839710712433,"y":0.9482057094573975,"z":-0.19350428879261018,"w":-0.24686864018440247},"size":3.9354121685028078,"orthographic":false}